{"name":"df9cd76a-0491-4d57-a4d4-55691242c20e","id":"/providers/Microsoft.Flow/flows/df9cd76a-0491-4d57-a4d4-55691242c20e","type":"Microsoft.Flow/flows","properties":{"apiId":"/providers/Microsoft.PowerApps/apis/shared_logicflows","displayName":"SyncBetweenSql&BC","definition":{"metadata":{"workflowEntityId":null,"processAdvisorMetadata":null,"flowChargedByPaygo":null,"flowclientsuspensionreason":"None","flowclientsuspensiontime":null,"flowclientsuspensionreasondetails":null,"creator":{"id":"e4be1980-b114-4675-acfc-49558281d3a8","type":"User","tenantId":"47738abe-da8e-4be9-b384-ab41686415ba"},"provisioningMethod":"FromDefinition","failureAlertSubscription":true,"clientLastModifiedTime":"2025-07-24T13:49:55.4567368Z","connectionKeySavedTimeKey":"2025-07-24T13:49:55.4567368Z","creationSource":"Portal","modifiedSources":"Portal"},"$schema":"https://schema.management.azure.com/providers/Microsoft.Logic/schemas/2016-06-01/workflowdefinition.json#","contentVersion":"1.0.0.0","parameters":{"$authentication":{"defaultValue":{},"type":"SecureObject"},"$connections":{"defaultValue":{},"type":"Object"}},"triggers":{"When_an_item_is_modified_(V2)":{"recurrence":{"frequency":"Minute","interval":3},"splitOn":"@triggerOutputs()?['body/value']","metadata":{"operationMetadataId":"b79914bc-3c66-444a-b3f5-808df283b8a4"},"type":"OpenApiConnection","inputs":{"parameters":{"server":"default","database":"default","table":"[dbo].[WebOrders]","$filter":"Status eq 'Approved'\n"},"host":{"apiId":"/providers/Microsoft.PowerApps/apis/shared_sql","connectionName":"shared_sql","operationId":"GetOnUpdatedItems_V2"},"authentication":"@parameters('$authentication')"}}},"actions":{"GetRowOfWebOrder":{"runAfter":{},"metadata":{"operationMetadataId":"4456c6d0-2ba3-4b63-8530-e191afe99cc3"},"type":"OpenApiConnection","inputs":{"parameters":{"server":"default","database":"default","table":"[dbo].[WebOrders]","id":"@triggerBody()?['OrderId']"},"host":{"apiId":"/providers/Microsoft.PowerApps/apis/shared_sql","connectionName":"shared_sql","operationId":"GetItem_V2"},"authentication":"@parameters('$authentication')"}},"Find_Customer_records_in_BC":{"runAfter":{"GetRowOfWebOrder":["Succeeded"]},"metadata":{"operationMetadataId":"191e650a-3d35-410f-91c6-54b4c9be1100"},"type":"OpenApiConnection","inputs":{"parameters":{"bcenvironment":"TESTENVIRONMENT","company":"69a4bf5f-b92b-f011-9af3-6045bdac934e","dataset":"v2.0","table":"customers","$filter":"number eq '@{outputs('GetRowOfWebOrder')?['body/CustomerNo']}'\n"},"host":{"apiId":"/providers/Microsoft.PowerApps/apis/shared_dynamicssmbsaas","connectionName":"shared_dynamicssmbsaas","operationId":"GetItemsV3"},"authentication":"@parameters('$authentication')"}},"Check_Customer_Info_Exist_or_Not":{"actions":{"Update_record_(V3)":{"metadata":{"operationMetadataId":"eda92ace-dd70-4a97-bbcb-5933fbafeed9"},"type":"OpenApiConnection","inputs":{"parameters":{"bcenvironment":"TESTENVIRONMENT","company":"69a4bf5f-b92b-f011-9af3-6045bdac934e","dataset":"v2.0","table":"customers","id":"@first(body('Find_Customer_records_in_BC')?['value'])?['id']","item/number":"@outputs('GetRowOfWebOrder')?['body/CustomerNo']","item/displayName":"@outputs('GetRowOfWebOrder')?['body/ShipToName']","item/addressLine1":"@outputs('GetRowOfWebOrder')?['body/ShipToAddress']","item/city":"@outputs('GetRowOfWebOrder')?['body/ShipToCity']","item/state":"@outputs('GetRowOfWebOrder')?['body/ShipToCountry']","item/postalCode":"@outputs('GetRowOfWebOrder')?['body/ShipToPostalCode']"},"host":{"apiId":"/providers/Microsoft.PowerApps/apis/shared_dynamicssmbsaas","connectionName":"shared_dynamicssmbsaas","operationId":"PatchItemV3"},"authentication":"@parameters('$authentication')"}}},"runAfter":{"Find_Customer_records_in_BC":["Succeeded"]},"else":{"actions":{"Create_a_New_Customer_record_":{"metadata":{"operationMetadataId":"5ee07fc3-e942-4143-a6b3-42812815944e"},"type":"OpenApiConnection","inputs":{"parameters":{"bcenvironment":"TESTENVIRONMENT","company":"69a4bf5f-b92b-f011-9af3-6045bdac934e","dataset":"v2.0","table":"customers","item/number":"@outputs('GetRowOfWebOrder')?['body/CustomerNo']","item/displayName":"@outputs('GetRowOfWebOrder')?['body/ShipToName']","item/addressLine1":"@outputs('GetRowOfWebOrder')?['body/ShipToAddress']","item/city":"@outputs('GetRowOfWebOrder')?['body/ShipToCity']","item/state":"@outputs('GetRowOfWebOrder')?['body/ShipToCountry']","item/postalCode":"@outputs('GetRowOfWebOrder')?['body/ShipToPostalCode']"},"host":{"apiId":"/providers/Microsoft.PowerApps/apis/shared_dynamicssmbsaas","connectionName":"shared_dynamicssmbsaas","operationId":"PostItemV3"},"authentication":"@parameters('$authentication')"}}}},"expression":{"and":[{"equals":["@not(empty(body('Find_Customer_records_in_BC')?['value']))\r\n",true]}]},"metadata":{"operationMetadataId":"e8717e26-e3d1-4cc9-a9d8-dec3236c729d"},"type":"If"},"CreateSalesOrderInBC":{"runAfter":{"Check_Customer_Info_Exist_or_Not":["Succeeded"]},"metadata":{"operationMetadataId":"fc72d7fd-e2e6-43a8-bc0b-54eb90a560e4"},"type":"OpenApiConnection","inputs":{"parameters":{"bcenvironment":"TESTENVIRONMENT","company":"69a4bf5f-b92b-f011-9af3-6045bdac934e","dataset":"v2.0","table":"salesOrders","item/customerNumber":"@outputs('GetRowOfWebOrder')?['body/CustomerNo']","item/shipToAddressLine1":"@outputs('GetRowOfWebOrder')?['body/ShipToAddress']","item/shipToCity":"@outputs('GetRowOfWebOrder')?['body/ShipToCity']","item/shipToCountry":"@outputs('GetRowOfWebOrder')?['body/ShipToCountry']","item/shipToPostCode":"@outputs('GetRowOfWebOrder')?['body/ShipToPostalCode']"},"host":{"apiId":"/providers/Microsoft.PowerApps/apis/shared_dynamicssmbsaas","connectionName":"shared_dynamicssmbsaas","operationId":"PostItemV3"},"authentication":"@parameters('$authentication')"}},"Get_rows_from_WebOrderLine":{"runAfter":{"CreateSalesOrderInBC":["Succeeded"]},"metadata":{"operationMetadataId":"628adeb4-579c-4e08-be8c-2ee8cf993149"},"type":"OpenApiConnection","inputs":{"parameters":{"server":"default","database":"default","table":"[dbo].[WebOrderLines]","$filter":"@equals(item()?['OrderId'], outputs('GetRowOfWebOrder')?['body/ID'])\r\n"},"host":{"apiId":"/providers/Microsoft.PowerApps/apis/shared_sql","connectionName":"shared_sql","operationId":"GetItems_V2"},"authentication":"@parameters('$authentication')"}},"GetPickingTime(FindRecords)":{"runAfter":{"Update_row_(WebOrders)":["Succeeded"]},"metadata":{"operationMetadataId":"2723b77c-190d-475a-b97a-71f719bfe80e"},"type":"OpenApiConnection","inputs":{"parameters":{"bcenvironment":"TESTENVIRONMENT","company":"69a4bf5f-b92b-f011-9af3-6045bdac934e","dataset":"yourcompany/warehouse/v1.0","table":"whseactivityheaders","$filter":"@{concat('No eq ''', outputs('CreateSalesOrderInBC')?['body/number'], '''')}\n"},"host":{"apiId":"/providers/Microsoft.PowerApps/apis/shared_dynamicssmbsaas","connectionName":"shared_dynamicssmbsaas","operationId":"GetItemsV3"},"authentication":"@parameters('$authentication')"}},"GetRowsFromWebOrderLines":{"runAfter":{"Get_rows_from_WebOrderLine":["Succeeded"]},"metadata":{"operationMetadataId":"ca21a07b-97c8-4915-99a0-4478fa3902e8"},"type":"OpenApiConnection","inputs":{"parameters":{"server":"default","database":"default","table":"[dbo].[WebOrderLines]","$filter":"@concat('OrderId eq ', string(outputs('GetRowOfWebOrder')?['body/OrderId']))\r\n"},"host":{"apiId":"/providers/Microsoft.PowerApps/apis/shared_sql","connectionName":"shared_sql","operationId":"GetItems_V2"},"authentication":"@parameters('$authentication')"}},"For_each":{"foreach":"@outputs('GetRowsFromWebOrderLines')?['body/value']","actions":{"Update_row_(WebOrderLine)_":{"metadata":{"operationMetadataId":"055ea88e-c7ec-4b0e-a595-40af6ab5f2e4"},"type":"OpenApiConnection","inputs":{"parameters":{"server":"default","database":"default","table":"[dbo].[WebOrderLines]","id":"@item()?['LineId']","item/ReceivedTimestamp":"@formatDateTime(outputs('CreateSalesOrderInBC')?['body/orderDate'], 'yyyy-MM-dd HH:mm:ss')\r\n","item/PickedTimeStamp":"@if(\r\n  empty(outputs('GetPickingTime(FindRecords)')?['body/value']),\r\n  '2025-01-01 01:01:00',\r\n  formatDateTime(outputs('GetPickingTime(FindRecords)')?['body/value'][0]['orderDate'], 'yyyy-MM-dd HH:mm:ss')\r\n)\r\n","item/ShippedTimeStamp":"@formatDateTime(outputs('CreateSalesOrderInBC')?['body/postingDate'], 'yyyy-MM-dd HH:mm:ss')\r\n"},"host":{"apiId":"/providers/Microsoft.PowerApps/apis/shared_sql","connectionName":"shared_sql","operationId":"PatchItem_V2"},"authentication":"@parameters('$authentication')"}}},"runAfter":{"GetPickingTime(FindRecords)":["Succeeded"]},"metadata":{"operationMetadataId":"b4fa8729-591a-4757-b784-7a5e431ee325"},"type":"Foreach"},"Apply_to_each":{"foreach":"@outputs('GetRowsFromWebOrderLines')?['body/value']","actions":{"CreateOrderLines":{"metadata":{"operationMetadataId":"c9db84bc-89cf-4972-9ef6-7a2bc7c2fc22"},"type":"OpenApiConnection","inputs":{"parameters":{"bcenvironment":"TESTENVIRONMENT","company":"69a4bf5f-b92b-f011-9af3-6045bdac934e","dataset":"v2.0","table":"salesOrderLines","item/documentId":"@outputs('CreateSalesOrderInBC')?['body/id']","item/lineType":"Item","item/lineObjectNumber":"@items('Apply_to_each')?['ItemNo']","item/quantity":"@items('Apply_to_each')?['Quantity']","item/unitPrice":"@items('Apply_to_each')?['UnitPrice']"},"host":{"apiId":"/providers/Microsoft.PowerApps/apis/shared_dynamicssmbsaas","connectionName":"shared_dynamicssmbsaas","operationId":"PostItemV3"},"authentication":"@parameters('$authentication')"}},"Set_variable":{"runAfter":{"CreateOrderLines":["Succeeded"]},"metadata":{"operationMetadataId":"8276a9d1-168b-4dcc-be1d-a5bbc070444c"},"type":"SetVariable","inputs":{"name":"ItemLineID","value":"@outputs('CreateOrderLines')?['body/id']"}},"UpdateItemLineID":{"runAfter":{"Set_variable":["Succeeded"]},"metadata":{"operationMetadataId":"60e3d734-b859-47c3-8b84-366835ef45e3"},"type":"OpenApiConnection","inputs":{"parameters":{"server":"default","database":"default","table":"[dbo].[WebOrderLines]","id":"@items('Apply_to_each')?['LineId']","item/ItemLineID":"@variables('ItemLineID')"},"host":{"apiId":"/providers/Microsoft.PowerApps/apis/shared_sql","connectionName":"shared_sql","operationId":"PatchItem_V2"},"authentication":"@parameters('$authentication')"}},"Sync_Barcode_from_SQL_to_BC":{"runAfter":{"UpdateItemLineID":["Succeeded"]},"type":"OpenApiConnection","inputs":{"parameters":{"bcenvironment":"TESTENVIRONMENT","company":"69a4bf5f-b92b-f011-9af3-6045bdac934e","dataset":"bigals/sales/v1.0","table":"basaleorderlines","id":"@outputs('CreateOrderLines')?['body/id']","item/BABarcode":"@items('Apply_to_each')?['BABarcode']"},"host":{"apiId":"/providers/Microsoft.PowerApps/apis/shared_dynamicssmbsaas","connectionName":"shared_dynamicssmbsaas","operationId":"PatchItemV3"},"authentication":"@parameters('$authentication')"}}},"runAfter":{"Initialize_variable":["Succeeded"]},"metadata":{"operationMetadataId":"274108ba-5d6f-4fea-99fd-ad093954f8cb"},"type":"Foreach"},"Update_row_(WebOrders)":{"runAfter":{"Apply_to_each":["Succeeded"]},"metadata":{"operationMetadataId":"4b2e0940-3e8e-4e32-a68b-ea38e931abc2"},"type":"OpenApiConnection","inputs":{"parameters":{"server":"default","database":"default","table":"[dbo].[WebOrders]","id":"@outputs('GetRowOfWebOrder')?['body/OrderId']","item/Status":"Processed","item/BcOrderNo":"@outputs('CreateSalesOrderInBC')?['body/number']","item/BcOrderID":"@outputs('CreateSalesOrderInBC')?['body/id']","item/ProcessedDate":"@formatDateTime(outputs('CreateSalesOrderInBC')?['body/lastModifiedDateTime'], 'yyyy-MM-dd HH:mm:ss')\r\n"},"host":{"apiId":"/providers/Microsoft.PowerApps/apis/shared_sql","connectionName":"shared_sql","operationId":"PatchItem_V2"},"authentication":"@parameters('$authentication')"}},"Initialize_variable":{"runAfter":{"GetRowsFromWebOrderLines":["Succeeded"]},"metadata":{"operationMetadataId":"faf7741a-53f8-4dfe-a0b2-db49007ccd65"},"type":"InitializeVariable","inputs":{"variables":[{"name":"ItemLineID","type":"string"}]}}},"outputs":{}},"connectionReferences":{"shared_sql":{"connectionName":"97676fa7c8f14d61a7d18115d9cf9999","source":"Embedded","id":"/providers/Microsoft.PowerApps/apis/shared_sql","tier":"NotSpecified","apiName":"sql","isProcessSimpleApiReferenceConversionAlreadyDone":false},"shared_dynamicssmbsaas":{"connectionName":"shared-dynamicssmbsa-30aeaaed-b281-402f-ab93-7c21e2fa9c4a","source":"Embedded","id":"/providers/Microsoft.PowerApps/apis/shared_dynamicssmbsaas","tier":"NotSpecified","apiName":"dynamicssmbsaas","isProcessSimpleApiReferenceConversionAlreadyDone":false}},"flowFailureAlertSubscribed":false,"isManaged":false}}